{"cameraMode":{"drawMode":0,"name":"Shaded","section":"Shading Mode"},"sceneLighting":false,"audioPlay":false,"sceneViewState":{"m_AlwaysRefresh":false,"showFog":true,"showSkybox":false,"showFlares":true,"showImageEffects":true,"showParticleSystems":true,"showVisualEffectGraphs":true,"m_FxEnabled":true},"in2DMode":false,"pivot":{"x":-18.187829971313478,"y":0.7529543042182922,"z":-45.45302963256836},"rotation":{"x":0.10994896292686463,"y":-0.7735908627510071,"z":0.13835561275482179,"w":0.6089333295822144},"size":0.8660253882408142,"orthographic":false}