{"cameraMode":{"drawMode":0,"name":"Shaded","section":"Shading Mode"},"sceneLighting":false,"audioPlay":false,"sceneViewState":{"m_AlwaysRefresh":false,"showFog":true,"showSkybox":false,"showFlares":true,"showImageEffects":true,"showParticleSystems":true,"showVisualEffectGraphs":true,"m_FxEnabled":true},"in2DMode":false,"pivot":{"x":0.10793743282556534,"y":0.16916176676750184,"z":0.009300947189331055},"rotation":{"x":-0.22546431422233582,"y":-0.6650214791297913,"z":0.2215494066476822,"w":-0.6766548752784729},"size":0.8819706439971924,"orthographic":false}