{"cameraMode":{"drawMode":0,"name":"Shaded","section":"Shading Mode"},"sceneLighting":false,"audioPlay":false,"sceneViewState":{"m_AlwaysRefresh":false,"showFog":false,"showSkybox":false,"showFlares":false,"showImageEffects":false,"showParticleSystems":false,"showVisualEffectGraphs":true,"m_FxEnabled":true},"in2DMode":false,"pivot":{"x":-0.08749965578317642,"y":0.9264734983444214,"z":-0.00005066394805908203},"rotation":{"x":0.12975604832172395,"y":-0.8653167486190796,"z":0.28917184472084048,"w":0.3883059024810791},"size":1.5387064218521119,"orthographic":false}