{"cameraMode":{"drawMode":0,"name":"Shaded","section":"Shading Mode"},"sceneLighting":false,"audioPlay":false,"sceneViewState":{"m_AlwaysRefresh":false,"showFog":true,"showSkybox":false,"showFlares":true,"showImageEffects":true,"showParticleSystems":true,"showVisualEffectGraphs":true,"m_FxEnabled":true},"in2DMode":false,"pivot":{"x":-18.675355911254884,"y":0.7490360736846924,"z":-60.33415603637695},"rotation":{"x":0.10994896292686463,"y":-0.7735908627510071,"z":0.13835561275482179,"w":0.6089333295822144},"size":1.3122700452804566,"orthographic":false}