{"cameraMode":{"drawMode":0,"name":"Shaded","section":"Shading Mode"},"sceneLighting":true,"audioPlay":false,"sceneViewState":{"m_AlwaysRefresh":false,"showFog":true,"showSkybox":true,"showFlares":true,"showImageEffects":true,"showParticleSystems":true,"showVisualEffectGraphs":true,"m_FxEnabled":true},"in2DMode":false,"pivot":{"x":-45.574134826660159,"y":1.5047528743743897,"z":-33.45893096923828},"rotation":{"x":0.019553201273083688,"y":0.9715502858161926,"z":-0.21961504220962525,"w":0.08650193363428116},"size":0.8660253882408142,"orthographic":false}